{"mapping": {"Abrantes": 2574.5430091634644, "Acacias": 4965.223667431777, "Adelfas": 5651.623555310952, "Aeropuerto": 3645.3488372093025, "Alameda De Osuna": 3027.236711786068, "Almagro": 10275.945644849737, "Almenara": 4866.25799739922, "Almendrales": 3090.4593810444876, "Aluche": 2966.2689355539464, "Amposta": 2475.487136229439, "Apostol Santiago": 3895.479204339964, "Arapiles": 6610.272249190939, "Aravaca": 4339.503453203143, "Arcos": 2702.439393939394, "Arg\u00fcelles": 5998.456938952648, "Atalaya": 5376.344086021505, "Atocha": 4788.571428571428, "Bellas Vistas": 5256.541337764853, "Berruguete": 4182.720277029627, "Buenavista": 2781.2194543297746, "Butarque": 2538.346683354193, "Campamento": 3006.1550151975684, "Canillas": 4219.904499404052, "Canillejas": 3324.535666218035, "Casa De Campo": 5877.732240437159, "Casco Hist\u00f3rico De Barajas": 3560.746887966805, "Casco Hist\u00f3rico De Vallecas": 2554.160090191657, "Casco Hist\u00f3rico De Vic\u00e1lvaro": 2354.9656196943974, "Casco Hist\u00f3rico de Vallecas": 9142.857142857143, "Castellana": 11126.681238133086, "Castilla": 5603.554119547657, "Castillejos": 6745.902547065338, "Chopera": 4490.76099210823, "Ciudad Jard\u00edn": 6303.734061930783, "Ciudad Universitaria": 4444.064080944351, "Colina": 4914.1695205479455, "Comillas": 3319.78928080623, "Concepci\u00f3n": 4669.141615356755, "Corralejo": 4202.725724020443, "Cortes": 6711.134044937194, "Costillares": 5086.159486709441, "Cuatro Caminos": 5465.2798395185555, "Cuatro Vientos": 3933.269961977186, "Delicias": 4761.180192572215, "El Ca\u00f1averal": 3070.6336773932403, "El Goloso": 5809.859154929577, "El Pardo": 3933.782182241851, "El Plant\u00edo": 3274.832362459547, "El Viso": 8161.44405746626, "Embajadores": 5931.981291402781, "Ensanche De Vallecas": 3500.009024554007, "Entrev\u00edas": 1874.6479103432173, "Estrella": 5371.251292657705, "Fontarr\u00f3n": 2886.689419795222, "Fuente Del Berro": 5988.683569689157, "Fuentelarreina": 3518.0955727336614, "Gaztambide": 5647.030689517736, "Goya": 10094.831395204064, "Guindalera": 6157.112735451223, "Hell\u00edn": 2387.7742946708463, "Hispanoam\u00e9rica": 7154.96398140976, "Horcajo": 3453.900709219858, "Ibiza": 10167.018119899762, "Imperial": 4950.628366247756, "Jer\u00f3nimos": 12540.775579022096, "Justicia": 9029.999174372522, "La Paz": 3886.5721434528773, "Las \u00c1guilas": 2528.302683147422, "Legazpi": 4650.998309382925, "Lista": 9555.54426317197, "Los C\u00e1rmenes": 2967.3446948873006, "Los Rosales": 2073.960113960114, "Los \u00c1ngeles": 1888.7265388496469, "Lucero": 2654.1930937279776, "Marroquina": 3472.1943319838056, "Media Legua": 3539.356984478936, "Mirasierra": 4982.215375997759, "Moscard\u00f3": 2977.7556440903054, "Ni\u00f1o Jesus": 5941.885714285714, "Nueva Espa\u00f1a": 6649.630477776621, "Numancia": 2614.371162606457, "Opa\u00f1el": 2699.861146228403, "Orcasitas": 2185.7426528991264, "Orcasur": 3617.5113122171947, "Pac\u00edfico": 4629.245564005069, "Palacio": 6776.067289354002, "Palomas": 4522.250827510114, "Palomeras Bajas": 2344.1829054842474, "Palomeras Sureste": 2403.3140848606577, "Palos De Moguer": 5356.002331002331, "Pavones": 2798.6945169712794, "Pe\u00f1agrande": 3961.658080518985, "Pilar": 3818.0892787524367, "Pinar Del Rey": 4006.036069193964, "Piovera": 5145.889011161767, "Portazgo": 2472.482485531526, "Pradolongo": 2964.904862579281, "Prosperidad": 5883.638746475262, "Pueblo Nuevo": 3283.617681271811, "Puerta Bonita": 2704.421258814312, "Puerta Del \u00c1ngel": 3812.022955523673, "Quintana": 3877.000316756414, "Recoletos": 11869.17668066213, "Rejas": 2944.9364069952303, "Rosas": 3464.032786885246, "R\u00edos Rosas": 7090.113496513059, "Salvador": 4671.92108409725, "San Crist\u00f3bal": 1656.0191746561068, "San Diego": 2359.5071846726983, "San Ferm\u00edn": 2581.517352703793, "San Isidro": 2638.3310059153027, "San Juan Bautista": 4920.140428677014, "San Pascual": 3905.106190691369, "Santa Eugenia": 2807.5547394193773, "Simancas": 3228.042665036675, "Sol": 6641.440417874365, "Tim\u00f3n": 3723.9506172839506, "Trafalgar": 8106.559431794443, "Universidad": 6833.186056566385, "Valdeacederas": 4193.3536706349205, "Valdebernardo": 2997.6185807656398, "Valdefuentes": 4690.048536549492, "Valdemar\u00edn": 4993.731568754035, "Valderrivas": 4166.666666666667, "Valdezarza": 4262.528583992964, "Vallehermoso": 6471.891173342786, "Valverde": 3623.8021582733813, "Ventas": 3368.2968900288556, "Villaverde Alto": 2475.4212370772734, "Vinateros": 3630.4675716440424, "Vista Alegre": 2757.9694323144104, "Zof\u00edo": 2661.4089743589743}, "mapping1": {"Abrantes": 2527.707736984028, "Acacias": 4985.951989619377, "Adelfas": 5544.502617801048, "Aeropuerto": 3552.8268551236747, "Alameda De Osuna": 2769.0849342770475, "Almagro": 10201.327157750811, "Almenara": 4768.368587713743, "Almendrales": 3122.593344155844, "Aluche": 2973.9859986114325, "Amposta": 2475.487136229439, "Apostol Santiago": 3879.209486166008, "Arapiles": 6686.0907626994585, "Aravaca": 3725.3945122205105, "Arcos": 2812.314814814815, "Arg\u00fcelles": 6110.554546241025, "Atalaya": 5187.701108330354, "Atocha": 4732.443181818182, "Bellas Vistas": 5159.810863239573, "Berruguete": 4099.5970470624425, "Buenavista": 2760.414673046252, "Butarque": 2478.269582909461, "Campamento": 3022.214285714286, "Canillas": 4408.862245966897, "Canillejas": 3322.9793783861387, "Casa De Campo": 6733.212341197822, "Casco Hist\u00f3rico De Barajas": 3540.75416968818, "Casco Hist\u00f3rico De Vallecas": 2518.5977501939487, "Casco Hist\u00f3rico De Vic\u00e1lvaro": 2460.7706511175898, "Casco Hist\u00f3rico de Vallecas": 3071.0659898477156, "Castellana": 11284.615659316132, "Castilla": 5523.258359872611, "Castillejos": 6974.624869140398, "Chopera": 4337.223310479922, "Ciudad Jard\u00edn": 5980.0344234079175, "Ciudad Universitaria": 4451.368298819431, "Colina": 5032.092669958222, "Comillas": 3280.4274465691788, "Concepci\u00f3n": 4598.042582417583, "Corralejo": 3987.228607918263, "Cortes": 6772.304508780257, "Costillares": 4991.901619676065, "Cuatro Caminos": 5562.128307939054, "Cuatro Vientos": 3851.8169582772543, "Delicias": 4807.038305157286, "El Ca\u00f1averal": 2992.2496395097332, "El Goloso": 5809.859154929577, "El Pardo": 3840.56062619016, "El Plant\u00edo": 3017.16732056312, "El Viso": 8183.373857024107, "Embajadores": 5945.187198141469, "Ensanche De Vallecas": 3488.365073511919, "Entrev\u00edas": 1881.4789765965886, "Estrella": 5367.562380038387, "Fontarr\u00f3n": 2895.9310113864703, "Fuente Del Berro": 6018.061058028432, "Fuentelarreina": 3695.2280912364945, "Gaztambide": 5723.72919226902, "Goya": 10122.08365505791, "Guindalera": 6186.142873315975, "Hell\u00edn": 2456.5061179087875, "Hispanoam\u00e9rica": 7069.468961894757, "Horcajo": 3453.900709219858, "Ibiza": 10157.478876894333, "Imperial": 4800.78125, "Jer\u00f3nimos": 12996.911196911196, "Justicia": 9035.937197756142, "La Paz": 3886.5721434528773, "Las \u00c1guilas": 2512.56992639327, "Legazpi": 4548.470260869565, "Lista": 9809.66920085638, "Los C\u00e1rmenes": 2932.2314049586776, "Los Rosales": 2112.983425414365, "Los \u00c1ngeles": 1943.4260661618175, "Lucero": 2635.8172339773078, "Marroquina": 3440.326923076923, "Media Legua": 3448.12091503268, "Mirasierra": 4518.786215309546, "Moscard\u00f3": 2985.089141004862, "Ni\u00f1o Jesus": 5941.885714285714, "Nueva Espa\u00f1a": 6819.481734455559, "Numancia": 2573.407136030583, "Opa\u00f1el": 2737.020333041192, "Orcasitas": 2216.1780973451328, "Orcasur": 3610.839020473705, "Pac\u00edfico": 4757.12048503612, "Palacio": 6941.352609093683, "Palomas": 4673.77950210152, "Palomeras Bajas": 2329.5388161086853, "Palomeras Sureste": 2371.3362518240565, "Palos De Moguer": 5484.35960591133, "Pavones": 2937.6496191512515, "Pe\u00f1agrande": 3907.5482546201233, "Pilar": 3734.2118971061095, "Pinar Del Rey": 3841.6994106090374, "Piovera": 5200.945277305959, "Portazgo": 2438.677970120939, "Pradolongo": 2828.4280936454848, "Prosperidad": 5847.312873995555,