{"mapping": {"Abrantes": 2720.6590038314175, "Acacias": 5004.653741125068, "Adelfas": 5147.938561034762, "Aeropuerto": 3658.5365853658536, "Alameda De Osuna": 2594.1007194244603, "Almagro": 10201.086863864974, "Almenara": 4935.6214689265535, "Almendrales": 2968.183213920164, "Aluche": 2985.6825680505913, "Amposta": 2588.5507993811243, "Apostol Santiago": 3567.6324503311257, "Arapiles": 6261.9521395254515, "Aravaca": 4823.466508242982, "Arcos": 3026.8156424581007, "Arg\u00fcelles": 6336.587129428778, "Atalaya": 5830.67940552017, "Atocha": 4926.839237057221, "Bellas Vistas": 5344.393555811277, "Berruguete": 4163.708525829484, "Buenavista": 2633.3696540452192, "Butarque": 2613.861386138614, "Campamento": 3054.5706371191136, "Canillas": 4398.847702291087, "Canillejas": 3393.1630690276193, "Casa De Campo": 6792.463768115942, "Casco Hist\u00f3rico De Barajas": 3601.086956521739, "Casco Hist\u00f3rico De Vallecas": 2565.1136117723436, "Casco Hist\u00f3rico De Vic\u00e1lvaro": 2634.381767700139, "Castellana": 11527.36623637276, "Castilla": 5233.53485502776, "Castillejos": 7075.350297954582, "Chopera": 4261.535031847134, "Ciudad Jard\u00edn": 5962.962962962963, "Ciudad Universitaria": 4498.959263235211, "Colina": 4925.591656638588, "Comillas": 3186.3453815261046, "Concepci\u00f3n": 3877.382146439318, "Corralejo": 4069.035532994924, "Cortes": 7415.497160359901, "Costillares": 4841.351450605949, "Cuatro Caminos": 5531.4818101153505, "Cuatro Vientos": 4246.195652173913, "Delicias": 4962.4797768479775, "El Ca\u00f1averal": 3039.489064261556, "El Goloso": 5809.859154929577, "El Pardo": 3915.103810853358, "El Plant\u00edo": 2961.244470399299, "El Viso": 8185.155489840695, "Embajadores": 5467.458603472688, "Ensanche De Vallecas": 3620.7488280876305, "Entrev\u00edas": 1893.5070568700705, "Estrella": 6808.8445078459345, "Fontarr\u00f3n": 2871.3541666666665, "Fuente Del Berro": 6001.941276389226, "Fuentelarreina": 3802.1139166177336, "Gaztambide": 5596.686136607462, "Goya": 10036.7594394803, "Guindalera": 6271.491063617048, "Hell\u00edn": 2477.1331658291456, "Hispanoam\u00e9rica": 6986.99238296127, "Horcajo": 3453.900709219858, "Ibiza": 10454.126251836025, "Imperial": 4773.954703832753, "Jer\u00f3nimos": 12606.12922705314, "Justicia": 8955.990241738744, "La Paz": 4947.552447552447, "Las \u00c1guilas": 2581.2621916236376, "Legazpi": 4531.09024495058, "Lista": 9952.47302703358, "Los C\u00e1rmenes": 2886.7852604828463, "Los Rosales": 2129.8429208236043, "Los \u00c1ngeles": 1995.686274509804, "Lucero": 2738.926413082119, "Marroquina": 3468.993006993007, "Media Legua": 3259.6944770857813, "Mirasierra": 4567.43581748259, "Moscard\u00f3": 3091.3571910871033, "Ni\u00f1o Jesus": 5962.160694896851, "Nueva Espa\u00f1a": 6862.070995467122, "Numancia": 2590.2026342451873, "Opa\u00f1el": 2668.066904362416, "Orcasitas": 2268.732590529248, "Orcasur": 3613.2559264634738, "Pac\u00edfico": 4770.394828588031, "Palacio": 6723.818485989126, "Palomas": 4543.1321732691595, "Palomeras Bajas": 2335.302454991817, "Palomeras Sureste": 2427.1607918879768, "Palos De Moguer": 5515.8744808491, "Pavones": 2716.775884665793, "Pe\u00f1agrande": 3982.321872410936, "Pilar": 3741.953098106713, "Pinar Del Rey": 3947.537473233405, "Piovera": 4904.283623786085, "Portazgo": 2414.1671066525873, "Pradolongo": 3066.200466200466, "Prosperidad": 5736.802131912059, "Pueblo Nuevo": 3309.8554444744664, "Puerta Bonita": 2748.9239103669047, "Puerta Del \u00c1ngel": 3925.028935185185, "Quintana": 3751.9571663920924, "Recoletos": 12233.49246058158, "Rejas": 3083.0231596360627, "Rosas": 3554.3674193548386, "R\u00edos Rosas": 7129.959116925593, "Salvador": 4775.546930134086, "San Crist\u00f3bal": 1681.0178649237473, "San Diego": 2421.7659340659343, "San Ferm\u00edn": 2618.2803468208094, "San Isidro": 2710.0149417745133, "San Juan Bautista": 4933.19801533604, "San Pascual": 3970.9821428571427, "Santa Eugenia": 2801.5745393634843, "Simancas": 3113.005358479106, "Sol": 6707.355215050705, "Tim\u00f3n": 3911.7386489479513, "Trafalgar": 8348.099773242631, "Universidad": 7225.794077029308, "Valdeacederas": 4087.3427672955977, "Valdebernardo": 2879.4418714555763, "Valdefuentes": 4777.847382804289, "Valdemar\u00edn": 4553.659846827133, "Valderrivas": 4166.666666666667, "Valdezarza": 4285.047821466525, "Vallehermoso": 6200.8566848729515, "Valverde": 3803.2085976039466, "Ventas": 3340.9499036608863, "Villaverde Alto": 2435.3725125534684, "Vinateros": 3366.897506925208, "Vista Alegre": 2810.1714285714284, "Zof\u00edo": 2689.399456521739}, "mapping1": {"Abrantes": 2624.414659685864, "Acacias": 5004.479660259276, "Adelfas": 5544.502617801048, "Aeropuerto": 3573.5576923076924, "Alameda De Osuna": 2769.0849342770475, "Almagro": 10163.29515530315, "Almenara": 4739.181915577458, "Almendrales": 3040.9274809160306, "Aluche": 2955.2675264550267, "Amposta": 2631.451236584228, "Apostol Santiago": 3652.48322147651, "Arapiles": 6428.341386252517, "Aravaca": 4638.984578409773, "Arcos": 2812.314814814815, "Arg\u00fcelles": 6299.826132313309, "Atalaya": 5830.67940552017, "Atocha": 4871.578334304018, "Bellas Vistas": 5285.740893357508, "Berruguete": 4098.719227173574, "Buenavista": 2637.312755333636, "Butarque": 2550.219367588933, "Campamento": 3022.214285714286, "Canillas": 4322.862391646966, "Canillejas": 3332.4584619793086, "Casa De Campo": 6983.749504558065, "Casco Hist\u00f3rico De Barajas": 3540.75416968818, "Casco Hist\u00f3rico De Vallecas": 2604.9140639438183, "Casco Hist\u00f3rico De Vic\u00e1lvaro": 2638.218218623482, "Castellana": 11417.745487398595, "Castilla": 5389.701922184046, "Castillejos": 6756.406303528605, "Chopera": 4269.473404255319, "Ciudad Jard\u00edn": 6284.280936454849, "Ciudad Universitaria": 4488.379099031669, "Colina": 5032.092669958222, "Comillas": 3253.13190862196, "Concepci\u00f3n": 4162.551440329218, "Corralejo": 3987.228607918263, "Cortes": 6680.557879478153, "Costillares": 4984.438040345822, "Cuatro Caminos": 5437.005957005957, "Cuatro Vientos": 3851.8169582772543, "Delicias": 4849.9548387096775, "El Ca\u00f1averal": 3000.7249501721326, "El Goloso": 5809.859154929577, "El Pardo": 3867.59190493873, "El Plant\u00edo": 2951.7683933933936, "El Viso": 8189.652404526167, "Embajadores": 5947.626249003862, "Ensanche De Vallecas": 3487.6383623067627, "Entrev\u00edas": 1928.2963156065346, "Estrella": 6380.952380952381, "Fontarr\u00f3n": 2902.5077760497666, "Fuente Del Berro": 5946.953181770996, "Fuentelarreina": 3802.1139166177336, "Gaztambide": 5605.3872053872055, "Goya": 10005.31072388242, "Guindalera": 6285.260468732645, "Hell\u00edn": 2407.742323097463, "Hispanoam\u00e9rica": 6970.808908503572, "Horcajo": 3453.900709219858, "Ibiza": 10544.300564914758, "Imperial": 4726.80412371134, "Jer\u00f3nimos": 12463.875847678664, "Justicia": 9009.477864198747, "La Paz": 3949.645948072384, "Las \u00c1guilas": 2541.4011275840467, "Legazpi": 4615.462706270627, "Lista": 9760.717990348623, "Los C\u00e1rmenes": 2939.837997054492, "Los Rosales": 2170.472774098602, "Los \u00c1ngeles": 1940.4678747940693, "Lucero": 2743.1733256682955, "Marroquina": 3440.326923076923, "Media Legua": 3448.12091503268, "Mirasierra": 4665.675416412314, "Moscard\u00f3": 3048.8137603795967, "Ni\u00f1o Jesus": 6002.177582714382, "Nueva Espa\u00f1a": 6807.9817103762825, "Numancia": 2592.769683818971, "Opa\u00f1el": 2746.2219486457966, "Orcasitas": 2243.6750272628137, "Orcasur": 3570.63670411985, "Pac\u00edfico": 4735.20744680851, "Palacio": 6801.230014675214, "Palomas": 4534.185082872928, "Palomeras Bajas": 2309.4175970228603, "Palomeras Sureste": 2401.0198078054523, "Palos De Moguer": 5513.493768801031, "Pavones": 2950.4939626783753, "Pe\u00f1agrande": 3933.291372943941, "Pilar": 3652.065043156597, "Pinar Del Rey": 3818.6705063594914, "Piovera": 5146.781164695178, "Portazgo": 2409.4725596041385, "Pradolongo": 2955.5851063829787, "Prosperidad": 5790.6421214113525, "Pueblo Nuevo": 3317.2858029801323, "Puerta Bonita": 2682.7943179606928,