{"mapping": {"('Atico', 'Arganzuela')": 763868.375, "('Atico', 'Barajas')": 526333.3333333334, "('Atico', 'Carabanchel')": 358693.75, "('Atico', 'Centro')": 1103585.294117647, "('Atico', 'Chamart\u00edn')": 2382047.619047619, "('Atico', 'Chamber\u00ed')": 1392957.6923076923, "('Atico', 'Ciudad Lineal')": 811283.3333333334, "('Atico', 'Fuencarral-El Pardo')": 675625.0, "('Atico', 'Hortaleza')": 958908.3333333334, "('Atico', 'Latina')": 439450.0, "('Atico', 'Moncloa-Aravaca')": 1193178.05, "('Atico', 'Moratalaz')": 337450.0, "('Atico', 'Puente De Vallecas')": 269920.0, "('Atico', 'Retiro')": 2247900.0, "('Atico', 'Salamanca')": 2300857.1428571427, "('Atico', 'San Blas-Canillejas')": 691500.0, "('Atico', 'Tetu\u00e1n')": 658050.0, "('Atico', 'Usera')": 619750.0, "('Atico', 'Vic\u00e1lvaro')": 560633.3333333334, "('Atico', 'Villa De Vallecas')": 441716.6666666667, "('Atico', 'Villaverde')": 291142.85714285716, "('Casa', 'Barajas')": 901333.3333333334, "('Casa', 'Carabanchel')": 324700.0, "('Casa', 'Centro')": 567440.7619047619, "('Casa', 'Chamart\u00edn')": 1689687.5, "('Casa', 'Chamber\u00ed')": 714286.0, "('Casa', 'Ciudad Lineal')": 1700000.0, "('Casa', 'Fuencarral-El Pardo')": 2204586.206896552, "('Casa', 'Hortaleza')": 2017000.0, "('Casa', 'Latina')": 512750.0, "('Casa', 'Moncloa-Aravaca')": 2313137.5, "('Casa', 'Puente De Vallecas')": 170297.0, "('Casa', 'Salamanca')": 1788750.0, "('Casa', 'San Blas-Canillejas')": 1007826.6666666666, "('Casa', 'Tetu\u00e1n')": 662000.0, "('Casa', 'Usera')": 631000.0, "('Casa', 'Vic\u00e1lvaro')": 500044.6666666667, "('Casa', 'Villa De Vallecas')": 484100.0, "('Casa', 'Villaverde')": 352250.0, "('Chalet', 'Barajas')": 969750.0, "('Chalet', 'Carabanchel')": 428750.0, "('Chalet', 'Centro')": 1898576.923076923, "('Chalet', 'Chamart\u00edn')": 2687466.6666666665, "('Chalet', 'Ciudad Lineal')": 1917900.0, "('Chalet', 'Fuencarral-El Pardo')": 2237738.095238095, "('Chalet', 'Hortaleza')": 3421611.111111111, "('Chalet', 'Moncloa-Aravaca')": 3199608.727272727, "('Chalet', 'Retiro')": 2300000.0, "('Chalet', 'Salamanca')": 1643181.8181818181, "('Chalet', 'San Blas-Canillejas')": 898557.1428571428, "('Chalet', 'Vic\u00e1lvaro')": 533500.0, "('Chalet', 'Villa De Vallecas')": 573333.3333333334, "('Duplex', 'Arganzuela')": 494000.0, "('Duplex', 'Barajas')": 385333.3333333333, "('Duplex', 'Carabanchel')": 244666.66666666666, "('Duplex', 'Centro')": 947692.3076923077, "('Duplex', 'Chamart\u00edn')": 2520000.0, "('Duplex', 'Chamber\u00ed')": 1405000.0, "('Duplex', 'Ciudad Lineal')": 600400.0, "('Duplex', 'Fuencarral-El Pardo')": 774000.0, "('Duplex', 'Hortaleza')": 915090.0, "('Duplex', 'Latina')": 297150.0, "('Duplex', 'Moncloa-Aravaca')": 1486000.0, "('Duplex', 'Moratalaz')": 380000.0, "('Duplex', 'Puente De Vallecas')": 302500.0, "('Duplex', 'Retiro')": 2014750.0, "('Duplex', 'Salamanca')": 1343050.0, "('Duplex', 'San Blas-Canillejas')": 628333.3333333334, "('Duplex', 'Tetu\u00e1n')": 544500.0, "('Duplex', 'Usera')": 208666.66666666666, "('Duplex', 'Vic\u00e1lvaro')": 294500.0, "('Duplex', 'Villa De Vallecas')": 434500.0, "('Duplex', 'Villaverde')": 275666.6666666667, "('Estudio', 'Arganzuela')": 197766.66666666666, "('Estudio', 'Barajas')": 224500.0, "('Estudio', 'Carabanchel')": 197000.0, "('Estudio', 'Centro')": 238875.0, "('Estudio', 'Chamart\u00edn')": 297533.3333333333, "('Estudio', 'Chamber\u00ed')": 227980.0, "('Estudio', 'Ciudad Lineal')": 143500.0, "('Estudio', 'Fuencarral-El Pardo')": 219900.0, "('Estudio', 'Hortaleza')": 194666.66666666666, "('Estudio', 'Latina')": 140000.0, "('Estudio', 'Moncloa-Aravaca')": 343700.0, "('Estudio', 'Moratalaz')": 105000.0, "('Estudio', 'Puente De Vallecas')": 139565.0, "('Estudio', 'Retiro')": 356000.0, "('Estudio', 'Salamanca')": 440666.6666666667, "('Estudio', 'San Blas-Canillejas')": 130000.0, "('Estudio', 'Tetu\u00e1n')": 210700.0, "('Estudio', 'Villa De Vallecas')": 132000.0, "('Piso', 'Arganzuela')": 416451.119760479, "('Piso', 'Barajas')": 394888.8888888889, "('Piso', 'Carabanchel')": 224726.09061488672, "('Piso', 'Centro')": 852051.3057259714, "('Piso', 'Chamart\u00edn')": 1130437.4808917197, "('Piso', 'Chamber\u00ed')": 1336885.6752873564, "('Piso', 'Ciudad Lineal')": 381662.81057268725, "('Piso', 'Fuencarral-El Pardo')": 463470.86631016043, "('Piso', 'Hortaleza')": 503988.60583941604, "('Piso', 'Latina')": 257853.50840336134, "('Piso', 'Moncloa-Aravaca')": 726536.7901234567, "('Piso', 'Moratalaz')": 264858.75757575757, "('Piso', 'Puente De Vallecas')": 172244.52647975078, "('Piso', 'Retiro')": 1381090.7413793104, "('Piso', 'Salamanca')": 1777066.6484018264, "('Piso', 'San Blas-Canillejas')": 247512.84444444443, "('Piso', 'Tetu\u00e1n')": 550492.8793774319, "('Piso', 'Usera')": 265897.6637931034, "('Piso', 'Vic\u00e1lvaro')": 284217.15625, "('Piso', 'Villa De Vallecas')": 249977.70491803277, "('Piso', 'Villaverde')": 164944.65853658537}, "mapping1": {"('Atico', 'Arganzuela')": 756216.3333333334, "('Atico', 'Barajas')": 526333.3333333334, "('Atico', 'Carabanchel')": 355172.22222222225, "('Atico', 'Centro')": 1121427.9069767443, "('Atico', 'Chamart\u00edn')": 2229916.6666666665, "('Atico', 'Chamber\u00ed')": 1393746.4285714286, "('Atico', 'Ciudad Lineal')": 737777.7777777778, "('Atico', 'Fuencarral-El Pardo')": 810500.0, "('Atico', 'Hortaleza')": 944778.5714285715, "('Atico', 'Latina')": 534544.0, "('Atico', 'Moncloa-Aravaca')": 1164502.44, "('Atico', 'Moratalaz')": 337450.0, "('Atico', 'Puente De Vallecas')": 270827.2727272727, "('Atico', 'Retiro')": 2016500.0, "('Atico', 'Salamanca')": 2163105.263157895, "('Atico', 'San Blas-Canillejas')": 691500.0, "('Atico', 'Tetu\u00e1n')": 658286.6666666666, "('Atico', 'Usera')": 668166.6666666666, "('Atico', 'Vic\u00e1lvaro')": 550475.0, "('Atico', 'Villa De Vallecas')": 418614.28571428574, "('Atico', 'Villaverde')": 284500.0, "('Casa', 'Arganzuela')": NaN, "('Casa', 'Barajas')": 910916.6666666666, "('Casa', 'Carabanchel')": 349636.36363636365, "('Casa', 'Centro')": 560027.3333333334, "('Casa', 'Chamart\u00edn')": 2017884.6153846155, "('Casa', 'Chamber\u00ed')": 714286.0, "('Casa', 'Ciudad Lineal')": 1700000.0, "('Casa', 'Fuencarral-El Pardo')": 2093424.2424242424, "('Casa', 'Hortaleza')": 1999545.4545454546, "('Casa', 'Latina')": 512750.0, "('Casa', 'Moncloa-Aravaca')": 2056221.2121212122, "('Casa', 'Moratalaz')": NaN, "('Casa', 'Puente De Vallecas')": 168451.81818181818, "('Casa', 'Retiro')": NaN, "('Casa', 'Salamanca')": 1887000.0, "('Casa', 'San Blas-Canillejas')": 1049855.5555555555, "('Casa', 'Tetu\u00e1n')": 681687.3333333334, "('Casa', 'Usera')": 631000.0, "('Casa', 'Vic\u00e1lvaro')": 519866.8333333333, "('Casa', 'Villa De Vallecas')": 549550.0, "('Casa', 'Villaverde')": 352250.0, "('Chalet', 'Arganzuela')": NaN, "('Chalet', 'Barajas')": 925600.0, "('Chalet', 'Carabanchel')": 422333.3333333333, "('Chalet', 'Centro')": 1898576.923076923, "('Chalet', 'Chamart\u00edn')": 2771350.0, "('Chalet', 'Chamber\u00ed')": NaN, "('Chalet', 'Ciudad Lineal')": 1969214.2857142857, "('Chalet', 'Fuencarral-El Pardo')": 2178898.305084746, "('Chalet', 'Hortaleza')": 3252080.0, "('Chalet', 'Latina')": NaN, "('Chalet', 'Moncloa-Aravaca')": 3110450.775510204, "('Chalet', 'Moratalaz')": NaN, "('Chalet', 'Puente De Vallecas')": 195000.0, "('Chalet', 'Retiro')": 2300000.0, "('Chalet', 'Salamanca')": 1639666.6666666667, "('Chalet', 'San Blas-Canillejas')": 839877.7777777778, "('Chalet', 'Tetu\u00e1n')": 199000.0, "('Chalet', 'Usera')": 790000.0, "('Chalet', 'Vic\u00e1lvaro')": 533500.0, "('Chalet', 'Villa De Vallecas')": 573333.3333333334, "('Chalet', 'Villaverde')": NaN, "('Duplex', 'Arganzuela')": 615200.0, "('Duplex', 'Barajas')": 389750.0, "('Duplex', 'Carabanchel')": 279800.0, "('Duplex', 'Centro')": 897062.5, "('Duplex', 'Chamart\u00edn')": 2629375.0, "('Duplex', 'Chamber\u00ed')": 1040000.0, "('Duplex', 'Ciudad Lineal')": 528375.0, "('Duplex', 'Fuencarral-El Pardo')": 1024285.7142857143, "('Duplex', 'Hortaleza')": 915090.0,