{"mapping": {"('Atico', 'Arganzuela')": 779563.8571428572, "('Atico', 'Barajas')": 495000.0, "('Atico', 'Carabanchel')": 362658.3333333333, "('Atico', 'Centro')": 1157480.0, "('Atico', 'Chamart\u00edn')": 2535818.1818181816, "('Atico', 'Chamber\u00ed')": 1332641.1764705882, "('Atico', 'Ciudad Lineal')": 775355.5555555555, "('Atico', 'Fuencarral-El Pardo')": 820500.0, "('Atico', 'Hortaleza')": 954690.0, "('Atico', 'Latina')": 529544.0, "('Atico', 'Moncloa-Aravaca')": 1066598.142857143, "('Atico', 'Moratalaz')": 337450.0, "('Atico', 'Puente De Vallecas')": 235927.27272727274, "('Atico', 'Retiro')": 1957058.8235294118, "('Atico', 'Salamanca')": 1879369.5652173914, "('Atico', 'San Blas-Canillejas')": 663000.0, "('Atico', 'Tetu\u00e1n')": 837881.8181818182, "('Atico', 'Usera')": 588500.0, "('Atico', 'Vic\u00e1lvaro')": 550475.0, "('Atico', 'Villa De Vallecas')": 385558.3333333333, "('Atico', 'Villaverde')": 331377.77777777775, "('Casa', 'Barajas')": 833250.0, "('Casa', 'Carabanchel')": 437166.6666666667, "('Casa', 'Centro')": 703336.8421052631, "('Casa', 'Chamart\u00edn')": 2195000.0, "('Casa', 'Chamber\u00ed')": 714286.0, "('Casa', 'Ciudad Lineal')": 1225000.0, "('Casa', 'Fuencarral-El Pardo')": 2312233.3333333335, "('Casa', 'Hortaleza')": 2145666.6666666665, "('Casa', 'Latina')": 371000.0, "('Casa', 'Moncloa-Aravaca')": 1975492.5925925926, "('Casa', 'Puente De Vallecas')": 171847.0, "('Casa', 'Salamanca')": 1900000.0, "('Casa', 'San Blas-Canillejas')": 1046705.2631578947, "('Casa', 'Tetu\u00e1n')": 681687.3333333334, "('Casa', 'Usera')": 631000.0, "('Casa', 'Vic\u00e1lvaro')": 519866.8333333333, "('Casa', 'Villa De Vallecas')": 549550.0, "('Casa', 'Villaverde')": 360000.0, "('Chalet', 'Barajas')": 925600.0, "('Chalet', 'Carabanchel')": 390000.0, "('Chalet', 'Centro')": 1270600.0, "('Chalet', 'Chamart\u00edn')": 2764967.7419354836, "('Chalet', 'Ciudad Lineal')": 2026055.5555555555, "('Chalet', 'Fuencarral-El Pardo')": 2151702.1276595746, "('Chalet', 'Hortaleza')": 2805272.727272727, "('Chalet', 'Moncloa-Aravaca')": 3106145.8947368423, "('Chalet', 'Puente De Vallecas')": 195000.0, "('Chalet', 'Retiro')": 7416666.666666667, "('Chalet', 'Salamanca')": 1937500.0, "('Chalet', 'San Blas-Canillejas')": 679816.6666666666, "('Chalet', 'Tetu\u00e1n')": 199000.0, "('Chalet', 'Usera')": 542500.0, "('Chalet', 'Vic\u00e1lvaro')": 573333.3333333334, "('Chalet', 'Villa De Vallecas')": 562500.0, "('Duplex', 'Arganzuela')": 258000.0, "('Duplex', 'Barajas')": 389750.0, "('Duplex', 'Carabanchel')": 299666.6666666667, "('Duplex', 'Centro')": 1026466.6666666666, "('Duplex', 'Chamart\u00edn')": 2363846.153846154, "('Duplex', 'Chamber\u00ed')": 1586666.6666666667, "('Duplex', 'Ciudad Lineal')": 683142.8571428572, "('Duplex', 'Fuencarral-El Pardo')": 862142.8571428572, "('Duplex', 'Hortaleza')": 871362.5, "('Duplex', 'Latina')": 345300.0, "('Duplex', 'Moncloa-Aravaca')": 1536888.888888889, "('Duplex', 'Moratalaz')": 400000.0, "('Duplex', 'Puente De Vallecas')": 293400.0, "('Duplex', 'Retiro')": 2600000.0, "('Duplex', 'Salamanca')": 1482333.3333333333, "('Duplex', 'San Blas-Canillejas')": 560000.0, "('Duplex', 'Tetu\u00e1n')": 563142.8571428572, "('Duplex', 'Usera')": 208666.66666666666, "('Duplex', 'Vic\u00e1lvaro')": 294500.0, "('Duplex', 'Villa De Vallecas')": 237000.0, "('Duplex', 'Villaverde')": 256000.0, "('Estudio', 'Arganzuela')": 210490.0, "('Estudio', 'Barajas')": 224500.0, "('Estudio', 'Carabanchel')": 197000.0, "('Estudio', 'Centro')": 230056.81818181818, "('Estudio', 'Chamart\u00edn')": 315470.0, "('Estudio', 'Chamber\u00ed')": 266600.0, "('Estudio', 'Ciudad Lineal')": 132450.0, "('Estudio', 'Fuencarral-El Pardo')": 219900.0, "('Estudio', 'Hortaleza')": 250940.0, "('Estudio', 'Latina')": 140000.0, "('Estudio', 'Moncloa-Aravaca')": 343700.0, "('Estudio', 'Puente De Vallecas')": 119660.0, "('Estudio', 'Retiro')": 297500.0, "('Estudio', 'Salamanca')": 415000.0, "('Estudio', 'San Blas-Canillejas')": 130000.0, "('Estudio', 'Tetu\u00e1n')": 207987.5, "('Estudio', 'Usera')": 320000.0, "('Estudio', 'Villa De Vallecas')": 132000.0, "('Piso', 'Arganzuela')": 412237.0602409639, "('Piso', 'Barajas')": 360587.5, "('Piso', 'Carabanchel')": 218925.8589341693, "('Piso', 'Centro')": 860668.2390194075, "('Piso', 'Chamart\u00edn')": 1112837.968847352, "('Piso', 'Chamber\u00ed')": 1374982.1586826348, "('Piso', 'Ciudad Lineal')": 382814.41592920356, "('Piso', 'Fuencarral-El Pardo')": 446895.578125, "('Piso', 'Hortaleza')": 468240.325, "('Piso', 'Latina')": 240031.54958677685, "('Piso', 'Moncloa-Aravaca')": 742771.1464968153, "('Piso', 'Moratalaz')": 279300.41791044775, "('Piso', 'Puente De Vallecas')": 177165.24092409242, "('Piso', 'Retiro')": 1303538.2723004695, "('Piso', 'Salamanca')": 1750994.5573394496, "('Piso', 'San Blas-Canillejas')": 243842.06403940887, "('Piso', 'Tetu\u00e1n')": 568568.24609375, "('Piso', 'Usera')": 220779.99122807017, "('Piso', 'Vic\u00e1lvaro')": 300911.9104477612, "('Piso', 'Villa De Vallecas')": 249291.3203125, "('Piso', 'Villaverde')": 166422.1717791411}, "mapping1": {"('Atico', 'Arganzuela')": 756216.3333333334, "('Atico', 'Barajas')": 526333.3333333334, "('Atico', 'Carabanchel')": 355687.5, "('Atico', 'Centro')": 1160168.1818181819, "('Atico', 'Chamart\u00edn')": 2351680.0, "('Atico', 'Chamber\u00ed')": 1350410.3448275863, "('Atico', 'Ciudad Lineal')": 771311.7647058824, "('Atico', 'Fuencarral-El Pardo')": 820500.0, "('Atico', 'Hortaleza')": 944778.5714285715, "('Atico', 'Latina')": 470908.0, "('Atico', 'Moncloa-Aravaca')": 1140843.6818181819, "('Atico', 'Moratalaz')": 337450.0, "('Atico', 'Puente De Vallecas')": 235927.27272727274, "('Atico', 'Retiro')": 1833523.8095238095, "('Atico', 'Salamanca')": 1924147.524590164, "('Atico', 'San Blas-Canillejas')": 655200.0, "('Atico', 'Tetu\u00e1n')": 804953.3333333334, "('Atico', 'Usera')": 531800.0, "('Atico', 'Vic\u00e1lvaro')": 550475.0, "('Atico', 'Villa De Vallecas')": 394621.4285714286, "('Atico', 'Villaverde')": 339250.0, "('Casa', 'Arganzuela')": NaN, "('Casa', 'Barajas')": 910916.6666666666, "('Casa', 'Carabanchel')": 406142.85714285716, "('Casa', 'Centro')": 678202.4347826086, "('Casa', 'Chamart\u00edn')": 2074482.7586206896, "('Casa', 'Chamber\u00ed')": 714286.0, "('Casa', 'Ciudad Lineal')": 1225000.0, "('Casa', 'Fuencarral-El Pardo')": 2106750.0, "('Casa', 'Hortaleza')": 1962764.705882353, "('Casa', 'Latina')": 422000.0, "('Casa', 'Moncloa-Aravaca')": 1964321.875, "('Casa', 'Moratalaz')": NaN, "('Casa', 'Puente De Vallecas')": 169372.5, "('Casa', 'Retiro')": NaN, "('Casa', 'Salamanca')": 2195000.0, "('Casa', 'San Blas-Canillejas')": 1059370.0, "('Casa', 'Tetu\u00e1n')": 681687.3333333334, "('Casa', 'Usera')": 631000.0, "('Casa', 'Vic\u00e1lvaro')": 519866.8333333333, "('Casa', 'Villa De Vallecas')": 549550.0, "('Casa', 'Villaverde')": 312250.0, "('Chalet', 'Arganzuela')": NaN, "('Chalet', 'Barajas')": 925600.0, "('Chalet', 'Carabanchel')": 422333.3333333333, "('Chalet', 'Centro')": 1810958.3333333333, "('Chalet', 'Chamart\u00edn')": 2726054.054054054, "('Chalet', 'Chamber\u00ed')": NaN, "('Chalet', 'Ciudad Lineal')": 2026055.5555555555, "('Chalet', 'Fuencarral-El Pardo')": 2163275.8620689656, "('Chalet', 'Hortaleza')": 2752750.0, "('Chalet', 'Latina')": NaN, "('Chalet', 'Moncloa-Aravaca')": 3105207.4782608696, "('Chalet', 'Moratalaz')": NaN, "('Chalet', 'Puente De Vallecas')": 195000.0, "('Chalet', 'Retiro')": 7416666.666666667, "('Chalet', 'Salamanca')": 2226250.0, "('Chalet', 'San Blas-Canillejas')": 839877.7777777778, "('Chalet', 'Tetu\u00e1n')": 199000.0, "('Chalet', 'Usera')": 542500.0, "('Chalet', 'Vic\u00e1lvaro')": 565800.0, "('Chalet', 'Villa De Vallecas')": 479975.0, "('Chalet', 'Villaverde')": NaN, "('Duplex', 'Arganzuela')": 615200.0, "('Duplex', 'Barajas')": 389750.0, "('Duplex', 'Carabanchel')": 282250.0, "('Duplex', 'Centro')": 962611.1111111111, "('Duplex', 'Chamart\u00edn')": 2614375.0, "('Duplex', 'Chamber\u00ed')": 1586666.6666666667, "('Duplex', 'Ciudad Lineal')": 623375.0,