{"mapping": {"Abrantes": 2631.156886227545, "Acacias": 5113.713306982872, "Adelfas": 5389.86301369863, "Aeropuerto": 4183.673469387755, "Alameda De Osuna": 2519.118100524206, "Almagro": 10238.903247555905, "Almenara": 5002.932778489117, "Almendrales": 2963.009900990099, "Aluche": 2890.12140974053, "Amposta": 2475.440041173443, "Apostol Santiago": 3611.0921501706484, "Arapiles": 6417.562984854082, "Aravaca": 4770.863618153723, "Arcos": 2705.0963222416813, "Arg\u00fcelles": 6290.1048696916205, "Atalaya": 5933.864053888548, "Atocha": 5042.9993364299935, "Bellas Vistas": 5439.049730146492, "Berruguete": 4028.759521218716, "Buenavista": 2548.7919858573955, "Butarque": 2550.219367588933, "Campamento": 3022.214285714286, "Canillas": 4279.651717777266, "Canillejas": 3318.5517431665457, "Casa De Campo": 7445.220427760803, "Casco Hist\u00f3rico De Barajas": 3597.5877192982457, "Casco Hist\u00f3rico De Vallecas": 2564.3921835946376, "Casco Hist\u00f3rico De Vic\u00e1lvaro": 2591.919191919192, "Castellana": 11425.773999291534, "Castilla": 5448.318831238586, "Castillejos": 6678.85450597177, "Chopera": 4283.3403361344535, "Ciudad Jard\u00edn": 6039.612305099031, "Ciudad Universitaria": 4228.610882371571, "Colina": 5418.005354752343, "Comillas": 3166.36690647482, "Concepci\u00f3n": 4345.502901353965, "Corralejo": 3987.228607918263, "Cortes": 6559.65438792951, "Costillares": 5012.594458438287, "Cuatro Caminos": 5455.331571083783, "Cuatro Vientos": 3504.2158516020236, "Delicias": 4920.32450674974, "El Ca\u00f1averal": 2907.353371667538, "El Goloso": 5809.859154929577, "El Pardo": 3879.2721247786094, "El Plant\u00edo": 3330.154342431762, "El Viso": 8069.809201682494, "Embajadores": 5233.774872640096, "Ensanche De Vallecas": 3545.1472460823934, "Entrev\u00edas": 1935.2398578000837, "Estrella": 6060.06006006006, "Fontarr\u00f3n": 2892.804186655037, "Fuente Del Berro": 5976.932826362484, "Fuentelarreina": 3798.31045406547, "Gaztambide": 5714.342333415903, "Goya": 9972.535746747344, "Guindalera": 6390.915128171072, "Hell\u00edn": 2324.076167076167, "Hispanoam\u00e9rica": 7106.3255270799145, "Horcajo": 3453.900709219858, "Ibiza": 10753.435367741067, "Imperial": 4720.965309200604, "Jer\u00f3nimos": 12260.287518064957, "Justicia": 8949.026321420928, "La Paz": 3949.645948072384, "Las \u00c1guilas": 2556.3612836438924, "Legazpi": 4580.622365591398, "Lista": 9877.353962740764, "Los C\u00e1rmenes": 2906.1295971978984, "Los Rosales": 2241.623812832986, "Los \u00c1ngeles": 1968.6921461570769, "Lucero": 2683.23720259553, "Marroquina": 3346.349570200573, "Media Legua": 3503.484320557491, "Mirasierra": 4572.851173895742, "Moscard\u00f3": 3136.323851203501, "Ni\u00f1o Jesus": 6070.854922279793, "Nueva Espa\u00f1a": 6886.601843667129, "Numancia": 2545.5697356426617, "Opa\u00f1el": 2859.955663824604, "Orcasitas": 2207.824100513992, "Orcasur": 3600.3915810083213, "Pac\u00edfico": 4731.307086614173, "Palacio": 6528.569042050499, "Palomas": 4722.652885443583, "Palomeras Bajas": 2262.4042196918954, "Palomeras Sureste": 2433.9453752582053, "Palos De Moguer": 5608.0942622950815, "Pavones": 2985.4901960784314, "Pe\u00f1agrande": 3984.0309278350514, "Pilar": 3605.917862266858, "Pinar Del Rey": 3752.830188679245, "Piovera": 4951.520606956858, "Portazgo": 2404.6963367609255, "Pradolongo": 3207.9844206426483, "Prosperidad": 5697.218489653319, "Pueblo Nuevo": 3457.1898167575887, "Puerta Bonita": 2679.611825192802, "Puerta Del \u00c1ngel": 3562.142135399124, "Quintana": 3922.853418308227, "Recoletos": 11920.144995542209, "Rejas": 3170.221843003413, "Rosas": 3220.4278737791133, "R\u00edos Rosas": 7126.354166666667, "Salvador": 4761.479234717685, "San Crist\u00f3bal": 1692.9471176750833, "San Diego": 2402.1738125262714, "San Ferm\u00edn": 2582.7702702702704, "San Isidro": 2678.9993914083648, "San Juan Bautista": 4818.523809523809, "San Pascual": 3997.9608482871126, "Santa Eugenia": 2761.677871967261, "Simancas": 3009.8604343997654, "Sol": 6670.278299747295, "Tim\u00f3n": 3911.7386489479513, "Trafalgar": 8155.527434703381, "Universidad": 6949.490110687715, "Valdeacederas": 4125.126046901172, "Valdebernardo": 2979.401681457263, "Valdefuentes": 4781.994111652135, "Valdemar\u00edn": 4761.930268277698, "Valderrivas": 4225.0, "Valdezarza": 4418.279454022989, "Vallehermoso": 6101.785143278809, "Valverde": 3405.9573407202215, "Ventas": 3301.082538638606, "Villaverde Alto": 2356.5746143839433, "Vinateros": 3558.4415584415583, "Vista Alegre": 2829.0436627187555, "Zof\u00edo": 2631.4830053667265}, "mapping1": {"Abrantes": 2624.414659685864, "Acacias": 5004.479660259276, "Adelfas": 5544.502617801048, "Aeropuerto": 3573.5576923076924, "Alameda De Osuna": 2769.0849342770475, "Almagro": 10163.29515530315, "Almenara": 4739.181915577458, "Almendrales": 3051.5676077265975, "Aluche": 2955.2675264550267, "Amposta": 2555.88508660752, "Apostol Santiago": 3652.48322147651, "Arapiles": 6428.341386252517, "Aravaca": 4638.984578409773, "Arcos": 2812.314814814815, "Arg\u00fcelles": 6299.826132313309, "Atalaya": 5830.67940552017, "Atocha": 4871.578334304018, "Bellas Vistas": 5285.740893357508, "Berruguete": 4098.719227173574, "Buenavista": 2628.8323548597523, "Butarque": 2550.219367588933, "Campamento": 3022.214285714286, "Canillas": 4322.862391646966, "Canillejas": 3332.4584619793086, "Casa De Campo": 6983.749504558065, "Casco Hist\u00f3rico De Barajas": 3540.75416968818, "Casco Hist\u00f3rico De Vallecas": 2600.948811700183, "Casco Hist\u00f3rico De Vic\u00e1lvaro": 2638.218218623482, "Castellana": 11417.745487398595, "Castilla": 5389.701922184046, "Castillejos": 6756.406303528605, "Chopera": 4269.473404255319, "Ciudad Jard\u00edn": 6284.280936454849, "Ciudad Universitaria": 4488.379099031669, "Colina": 5032.092669958222, "Comillas": 3253.13190862196, "Concepci\u00f3n": 4162.551440329218, "Corralejo": 3987.228607918263, "Cortes": 6680.557879478153, "Costillares": 4984.438040345822, "Cuatro Caminos": 5437.005957005957, "Cuatro Vientos": 3851.8169582772543, "Delicias": 4849.9548387096775, "El Ca\u00f1averal": 3000.7249501721326, "El Goloso": 5809.859154929577, "El Pardo": 3867.59190493873, "El Plant\u00edo": 2951.7683933933936, "El Viso": 8189.652404526167, "Embajadores": 5947.626249003862, "Ensanche De Vallecas": 3487.6383623067627, "Entrev\u00edas": 1937.9565060458401, "Estrella": 6380.952380952381, "Fontarr\u00f3n": 2902.5077760497666, "Fuente Del Berro": 5946.953181770996, "Fuentelarreina": 3802.1139166177336, "Gaztambide": 5605.3872053872055, "Goya": 10005.31072388242, "Guindalera": 6285.260468732645, "Hell\u00edn": 2440.303816793893, "Hispanoam\u00e9rica": 6970.808908503572, "Horcajo": 3453.900709219858, "Ibiza": 10544.300564914758, "Imperial": 4726.80412371134, "Jer\u00f3nimos": 12463.875847678664, "Justicia": 9009.477864198747, "La Paz": 3949.645948072384, "Las \u00c1guilas": 2547.3256767842495, "Legazpi": 4615.462706270627, "Lista": 9760.717990348623, "Los C\u00e1rmenes": 2939.837997054492, "Los Rosales": 2168.8021812711545, "Los \u00c1ngeles": 1955.096018735363, "Lucero": 2700.826934435913, "Marroquina": 3440.326923076923, "Media Legua": 3448.12091503268, "Mirasierra": 4665.675416412314, "Moscard\u00f3": 3012.7741228070176, "Ni\u00f1o Jesus": 6002.177582714382, "Nueva Espa\u00f1a": 6807.9817103762825, "Numancia": 2575.2785515320334, "Opa\u00f1el": 2746.2219486457966, "Orcasitas": 2243.6750272628137, "Orcasur": 3570.63670411985, "Pac\u00edfico": 4735.20744680851, "Palacio": 6801.230014675214, "Palomas": 4534.185082872928, "Palomeras Bajas": 2297.9381808278868, "Palomeras Sureste": 2401.0198078054523, "Palos De Moguer": 5513.493768801031, "Pavones": 2950.4939626783753, "Pe\u00f1agrande": 3933.291372943941, "Pilar": 3652.065043156597, "Pinar Del Rey": 3818.6705063594914, "Piovera": 5146.781164695178, "Portazgo": 2399.909219523697, "Pradolongo": 2955.5851063829787, "Prosperidad": 5790.6421214113525, "Pueblo Nuevo": 3317.2858029801323, "Puerta Bonita": 2663.3788724264, "Puerta Del \u00c1ngel": 3710.914826498423,