{"mapping": {"('Atico', 'Arganzuela')": 756216.3333333334, "('Atico', 'Barajas')": 555000.0, "('Atico', 'Carabanchel')": 358183.3333333333, "('Atico', 'Centro')": 1246224.1379310344, "('Atico', 'Chamart\u00edn')": 2160857.1428571427, "('Atico', 'Chamber\u00ed')": 1396070.3703703703, "('Atico', 'Ciudad Lineal')": 784207.6923076923, "('Atico', 'Fuencarral-El Pardo')": 810500.0, "('Atico', 'Hortaleza')": 944778.5714285715, "('Atico', 'Latina')": 295000.0, "('Atico', 'Moncloa-Aravaca')": 1146480.0454545454, "('Atico', 'Moratalaz')": 315000.0, "('Atico', 'Puente De Vallecas')": 293112.5, "('Atico', 'Retiro')": 2090933.3333333333, "('Atico', 'Salamanca')": 2386439.024390244, "('Atico', 'San Blas-Canillejas')": 705285.7142857143, "('Atico', 'Tetu\u00e1n')": 597663.6363636364, "('Atico', 'Usera')": 531800.0, "('Atico', 'Vic\u00e1lvaro')": 547000.0, "('Atico', 'Villa De Vallecas')": 427963.63636363635, "('Atico', 'Villaverde')": 272666.6666666667, "('Casa', 'Barajas')": 871000.0, "('Casa', 'Carabanchel')": 355700.0, "('Casa', 'Centro')": 577888.380952381, "('Casa', 'Chamart\u00edn')": 1775588.2352941176, "('Casa', 'Chamber\u00ed')": 714286.0, "('Casa', 'Ciudad Lineal')": 1700000.0, "('Casa', 'Fuencarral-El Pardo')": 2276592.592592593, "('Casa', 'Hortaleza')": 2063157.894736842, "('Casa', 'Latina')": 512750.0, "('Casa', 'Moncloa-Aravaca')": 1983788.888888889, "('Casa', 'Puente De Vallecas')": 159852.85714285713, "('Casa', 'Salamanca')": 1931666.6666666667, "('Casa', 'San Blas-Canillejas')": 1015271.4285714285, "('Casa', 'Tetu\u00e1n')": 681687.3333333334, "('Casa', 'Usera')": 631000.0, "('Casa', 'Vic\u00e1lvaro')": 528026.8, "('Casa', 'Villa De Vallecas')": 484100.0, "('Casa', 'Villaverde')": 316333.3333333333, "('Chalet', 'Barajas')": 925600.0, "('Chalet', 'Carabanchel')": 422333.3333333333, "('Chalet', 'Centro')": 2037500.0, "('Chalet', 'Chamart\u00edn')": 2695575.757575758, "('Chalet', 'Ciudad Lineal')": 2181583.3333333335, "('Chalet', 'Fuencarral-El Pardo')": 2244021.7391304346, "('Chalet', 'Hortaleza')": 3065304.347826087, "('Chalet', 'Moncloa-Aravaca')": 3288899.6923076925, "('Chalet', 'Puente De Vallecas')": 195000.0, "('Chalet', 'Salamanca')": 1556071.4285714286, "('Chalet', 'San Blas-Canillejas')": 716780.0, "('Chalet', 'Tetu\u00e1n')": 199000.0, "('Chalet', 'Usera')": 790000.0, "('Chalet', 'Vic\u00e1lvaro')": 518000.0, "('Chalet', 'Villa De Vallecas')": 573333.3333333334, "('Duplex', 'Arganzuela')": 705250.0, "('Duplex', 'Barajas')": 389750.0, "('Duplex', 'Carabanchel')": 251000.0, "('Duplex', 'Centro')": 858200.0, "('Duplex', 'Chamart\u00edn')": 2530000.0, "('Duplex', 'Chamber\u00ed')": 2500000.0, "('Duplex', 'Ciudad Lineal')": 405500.0, "('Duplex', 'Fuencarral-El Pardo')": 630000.0, "('Duplex', 'Hortaleza')": 1340000.0, "('Duplex', 'Latina')": 297150.0, "('Duplex', 'Moncloa-Aravaca')": 1716000.0, "('Duplex', 'Moratalaz')": 380000.0, "('Duplex', 'Puente De Vallecas')": 302500.0, "('Duplex', 'Retiro')": 2014750.0, "('Duplex', 'Salamanca')": 1363736.8421052631, "('Duplex', 'San Blas-Canillejas')": 560000.0, "('Duplex', 'Tetu\u00e1n')": 586285.7142857143, "('Duplex', 'Usera')": 208666.66666666666, "('Duplex', 'Vic\u00e1lvaro')": 294500.0, "('Duplex', 'Villa De Vallecas')": 368000.0, "('Duplex', 'Villaverde')": 252000.0, "('Estudio', 'Arganzuela')": 188750.0, "('Estudio', 'Barajas')": 224500.0, "('Estudio', 'Carabanchel')": 197000.0, "('Estudio', 'Centro')": 232141.30434782608, "('Estudio', 'Chamart\u00edn')": 311100.0, "('Estudio', 'Chamber\u00ed')": 240685.7142857143, "('Estudio', 'Ciudad Lineal')": 143500.0, "('Estudio', 'Fuencarral-El Pardo')": 219900.0, "('Estudio', 'Hortaleza')": 246616.66666666666, "('Estudio', 'Latina')": 142500.0, "('Estudio', 'Moncloa-Aravaca')": 343700.0, "('Estudio', 'Puente De Vallecas')": 124383.33333333333, "('Estudio', 'Retiro')": 356000.0, "('Estudio', 'Salamanca')": 440666.6666666667, "('Estudio', 'San Blas-Canillejas')": 130000.0, "('Estudio', 'Tetu\u00e1n')": 234000.0, "('Estudio', 'Usera')": 320000.0, "('Estudio', 'Villa De Vallecas')": 132000.0, "('Piso', 'Arganzuela')": 421649.33136094676, "('Piso', 'Barajas')": 403536.36363636365, "('Piso', 'Carabanchel')": 217733.7105263158, "('Piso', 'Centro')": 850912.0575757576, "('Piso', 'Chamart\u00edn')": 1135107.006430868, "('Piso', 'Chamber\u00ed')": 1377110.4353932585, "('Piso', 'Ciudad Lineal')": 367467.72602739726, "('Piso', 'Fuencarral-El Pardo')": 445075.0101010101, "('Piso', 'Hortaleza')": 474357.75373134325, "('Piso', 'Latina')": 241916.3319672131, "('Piso', 'Moncloa-Aravaca')": 760913.1707317074, "('Piso', 'Moratalaz')": 269764.5970149254, "('Piso', 'Puente De Vallecas')": 171575.7770700637, "('Piso', 'Retiro')": 1357976.9525862068, "('Piso', 'Salamanca')": 1728905.5667447306, "('Piso', 'San Blas-Canillejas')": 240972.77049180327, "('Piso', 'Tetu\u00e1n')": 543811.484, "('Piso', 'Usera')": 257468.8407079646, "('Piso', 'Vic\u00e1lvaro')": 277691.8163265306, "('Piso', 'Villa De Vallecas')": 253685.78125, "('Piso', 'Villaverde')": 168153.1052631579}, "mapping1": {"('Atico', 'Arganzuela')": 756216.3333333334, "('Atico', 'Barajas')": 526333.3333333334, "('Atico', 'Carabanchel')": 355172.22222222225, "('Atico', 'Centro')": 1121427.9069767443, "('Atico', 'Chamart\u00edn')": 2229916.6666666665, "('Atico', 'Chamber\u00ed')": 1393746.4285714286, "('Atico', 'Ciudad Lineal')": 737777.7777777778, "('Atico', 'Fuencarral-El Pardo')": 810500.0, "('Atico', 'Hortaleza')": 944778.5714285715, "('Atico', 'Latina')": 534544.0, "('Atico', 'Moncloa-Aravaca')": 1164502.44, "('Atico', 'Moratalaz')": 337450.0, "('Atico', 'Puente De Vallecas')": 270827.2727272727, "('Atico', 'Retiro')": 2016500.0, "('Atico', 'Salamanca')": 2163105.263157895, "('Atico', 'San Blas-Canillejas')": 691500.0, "('Atico', 'Tetu\u00e1n')": 658286.6666666666, "('Atico', 'Usera')": 668166.6666666666, "('Atico', 'Vic\u00e1lvaro')": 550475.0, "('Atico', 'Villa De Vallecas')": 418614.28571428574, "('Atico', 'Villaverde')": 284500.0, "('Casa', 'Arganzuela')": NaN, "('Casa', 'Barajas')": 910916.6666666666, "('Casa', 'Carabanchel')": 349636.36363636365, "('Casa', 'Centro')": 560027.3333333334, "('Casa', 'Chamart\u00edn')": 2017884.6153846155, "('Casa', 'Chamber\u00ed')": 714286.0, "('Casa', 'Ciudad Lineal')": 1700000.0, "('Casa', 'Fuencarral-El Pardo')": 2093424.2424242424, "('Casa', 'Hortaleza')": 1999545.4545454546, "('Casa', 'Latina')": 512750.0, "('Casa', 'Moncloa-Aravaca')": 2056221.2121212122, "('Casa', 'Moratalaz')": NaN, "('Casa', 'Puente De Vallecas')": 168797.0, "('Casa', 'Retiro')": NaN, "('Casa', 'Salamanca')": 1887000.0, "('Casa', 'San Blas-Canillejas')": 1049855.5555555555, "('Casa', 'Tetu\u00e1n')": 681687.3333333334, "('Casa', 'Usera')": 631000.0, "('Casa', 'Vic\u00e1lvaro')": 519866.8333333333, "('Casa', 'Villa De Vallecas')": 549550.0, "('Casa', 'Villaverde')": 352250.0, "('Chalet', 'Arganzuela')": NaN, "('Chalet', 'Barajas')": 925600.0, "('Chalet', 'Carabanchel')": 422333.3333333333, "('Chalet', 'Centro')": 1898576.923076923, "('Chalet', 'Chamart\u00edn')": 2771350.0, "('Chalet', 'Chamber\u00ed')": NaN, "('Chalet', 'Ciudad Lineal')": 1969214.2857142857, "('Chalet', 'Fuencarral-El Pardo')": 2178898.305084746, "('Chalet', 'Hortaleza')": 3252080.0, "('Chalet', 'Latina')": NaN, "('Chalet', 'Moncloa-Aravaca')": 3110450.775510204, "('Chalet', 'Moratalaz')": NaN, "('Chalet', 'Puente De Vallecas')": 195000.0, "('Chalet', 'Retiro')": 2300000.0, "('Chalet', 'Salamanca')": 1639666.6666666667, "('Chalet', 'San Blas-Canillejas')": 839877.7777777778, "('Chalet', 'Tetu\u00e1n')": 199000.0, "('Chalet', 'Usera')": 790000.0, "('Chalet', 'Vic\u00e1lvaro')": 533500.0, "('Chalet', 'Villa De Vallecas')": 573333.3333333334, "('Chalet', 'Villaverde')": NaN, "('Duplex', 'Arganzuela')": 615200.0, "('Duplex', 'Barajas')": 389750.0, "('Duplex', 'Carabanchel')": 279800.0, "('Duplex', 'Centro')": 897062.5, "('Duplex', 'Chamart\u00edn')": 2629375.0, "('Duplex', 'Chamber\u00ed')": 1040000.0, "('Duplex', 'Ciudad Lineal')": 528375.0,